"ID","Titolo","Tipo","Stato","Priorità","Impatto","Sforzo","Area","Componente","Epic","Contesto","CriteriAccettazione","OutputAtteso","Dipendenze","Owner","Scadenza","Tag","Repo","Branch","Creazione","UltimoAggiornamento"
"BACK-001","Implementare gestione errori centralizzata","Tech Debt","Da fare","Alta","5","8","Backend","API Routes","Technical Debt Resolution","Attualmente ogni API route gestisce gli errori in modo inconsistente, causando difficoltà nel debugging","Sistema di error handling unificato con logging strutturato e response standardizzate","Middleware di error handling, logger centralizzato, response types consistenti","BACK-002","Tech Lead","2024-02-15","error-handling,api,middleware","mistervertex","feature/error-handling","2024-01-20","2024-01-20"
"BACK-002","Configurare sistema di logging strutturato","Tech Debt","Da fare","Alta","4","5","DevOps","Infrastructure","Technical Debt Resolution","Mancanza di logging strutturato rende difficile il debugging e monitoring in produzione","Sistema di logging con livelli, structured logs e integrazione con monitoring tools","Winston/Pino logger configurato, log levels, structured format, rotation","BACK-001","DevOps Engineer","2024-02-10","logging,monitoring,infrastructure","mistervertex","feature/logging","2024-01-20","2024-01-20"
"BACK-003","Rimuovere console.log da produzione","Tech Debt","Da fare","Media","3","2","Frontend","Components","Technical Debt Resolution","Presenza di 15+ console.log nel codice che non dovrebbero essere in produzione","Rimozione di tutti i console.log e sostituzione con proper logging","Zero console.log in build di produzione, proper logging implementato","BACK-002","Frontend Developer","2024-02-05","cleanup,logging,production","mistervertex","chore/remove-console-logs","2024-01-20","2024-01-20"
"BACK-004","Implementare validazione input API completa","Feature","Da fare","Alta","5","8","Backend","API Validation","Security & Validation","Alcune API routes mancano di validazione input robusta, rischio di security issues","Validazione completa di tutti gli input API con Zod o Joi","Schema validation per tutti gli endpoints, error messages consistenti, input sanitization","BACK-001","Backend Developer","2024-02-20","validation,security,api","mistervertex","feature/api-validation","2024-01-20","2024-01-20"
"BACK-005","Configurare rate limiting per API","Feature","Da fare","Alta","4","5","Backend","Middleware","Security & Validation","Mancanza di rate limiting espone le API a abuse e DoS attacks","Rate limiting configurato per tutti gli endpoints pubblici","Middleware di rate limiting, configurazione per endpoint, monitoring","BACK-004","Backend Developer","2024-02-25","security,rate-limiting,api","mistervertex","feature/rate-limiting","2024-01-20","2024-01-20"
"BACK-006","Implementare test suite completa","Tech Debt","Da fare","Alta","5","13","Testing","Test Framework","Testing Strategy","Mancanza di test automatizzati rende il deployment rischioso e il refactoring difficile","Test suite completa con unit, integration e e2e tests","Jest/Vitest setup, test coverage >80%, CI/CD integration","BACK-002","QA Engineer","2024-03-15","testing,ci-cd,quality","mistervertex","feature/testing-suite","2024-01-20","2024-01-20"
"BACK-007","Ottimizzare performance database queries","Tech Debt","Da fare","Media","4","8","Backend","Database","Performance Optimization","Query non ottimizzate potrebbero causare performance issues con crescita utenti","Query ottimizzate con proper indexing e connection pooling","Query time <100ms, proper indexes, connection pooling configurato","BACK-008","Database Developer","2024-03-01","performance,database,optimization","mistervertex","feature/db-optimization","2024-01-20","2024-01-20"
"BACK-008","Implementare caching layer con Redis","Feature","Da fare","Media","4","8","Backend","Cache","Performance Optimization","Mancanza di caching causa load eccessivo su database e API esterne","Redis cache layer per dati frequentemente acceduti","Redis configurato, cache strategies implementate, cache invalidation","BACK-007","Backend Developer","2024-03-10","caching,redis,performance","mistervertex","feature/redis-cache","2024-01-20","2024-01-20"
"BACK-009","Configurare monitoring e alerting","Feature","Da fare","Alta","5","8","DevOps","Monitoring","Monitoring & Observability","Mancanza di monitoring rende difficile identificare issues in produzione","Sistema di monitoring completo con alerts","Sentry/DataDog configurato, alerts per errori critici, dashboards","BACK-002","DevOps Engineer","2024-02-28","monitoring,alerting,observability","mistervertex","feature/monitoring","2024-01-20","2024-01-20"
"BACK-010","Implementare backup automatizzato database","Feature","Da fare","Alta","5","5","DevOps","Backup","Data Protection","Backup attuale è manuale e non testato, rischio di data loss","Sistema di backup automatizzato con restore testing","Backup automatici giornalieri, restore testing, retention policy","BACK-009","DevOps Engineer","2024-02-20","backup,data-protection,automation","mistervertex","feature/automated-backup","2024-01-20","2024-01-20"
"BACK-011","Migliorare UX mobile responsive","Feature","Da fare","Media","4","8","Frontend","UI/UX","Mobile Experience","Alcune pagine non sono completamente responsive, UX mobile subottimale","UI completamente responsive con UX mobile ottimizzata","Design responsive su tutti i device, touch-friendly interactions","BACK-012","Frontend Developer","2024-03-05","mobile,responsive,ux","mistervertex","feature/mobile-ux","2024-01-20","2024-01-20"
"BACK-012","Ottimizzare Core Web Vitals","Tech Debt","Da fare","Media","4","5","Frontend","Performance","Performance Optimization","Core Web Vitals potrebbero essere migliorati per SEO e UX","Core Web Vitals entro soglie Google (LCP <2.5s, FID <100ms, CLS <0.1)","Lighthouse score >90, Core Web Vitals green, performance monitoring","BACK-011","Frontend Developer","2024-02-25","performance,seo,web-vitals","mistervertex","feature/web-vitals","2024-01-20","2024-01-20"
"BACK-013","Implementare PWA features complete","Feature","Da fare","Bassa","3","8","Frontend","PWA","Mobile Experience","PWA parzialmente implementato, mancano features come offline mode","PWA completo con offline functionality e push notifications","Service worker completo, offline mode, push notifications, app-like experience","BACK-011","Frontend Developer","2024-03-20","pwa,offline,notifications","mistervertex","feature/pwa-complete","2024-01-20","2024-01-20"
"BACK-014","Configurare CI/CD pipeline completa","Tech Debt","Da fare","Alta","5","8","DevOps","CI/CD","DevOps Automation","Deployment attuale è manuale, mancanza di CI/CD automatizzato","Pipeline CI/CD completa con testing e deployment automatizzato","GitHub Actions configurato, automated testing, staging/prod deployment","BACK-006","DevOps Engineer","2024-02-15","ci-cd,automation,deployment","mistervertex","feature/ci-cd-pipeline","2024-01-20","2024-01-20"
"BACK-015","Implementare feature flags system","Feature","Da fare","Bassa","3","5","Backend","Feature Management","Feature Management","Mancanza di feature flags rende difficile il rollout graduale di nuove features","Sistema di feature flags per controlled rollout","Feature flags configurabili, A/B testing capability, gradual rollout","BACK-014","Backend Developer","2024-03-25","feature-flags,rollout,testing","mistervertex","feature/feature-flags","2024-01-20","2024-01-20"
"BACK-016","Migliorare sicurezza headers e CSP","Tech Debt","Da fare","Alta","4","3","Security","Headers","Security & Validation","Security headers parzialmente configurati, CSP potrebbe essere più restrittivo","Security headers completi e CSP ottimizzato","Tutti security headers configurati, CSP restrittivo ma funzionale, security audit passed","BACK-005","Security Engineer","2024-02-10","security,headers,csp","mistervertex","feature/security-headers","2024-01-20","2024-01-20"
"BACK-017","Implementare audit logging per admin","Feature","Da fare","Media","4","5","Backend","Admin","Compliance & Audit","Mancanza di audit trail per azioni admin, compliance issue","Sistema di audit logging per tutte le azioni admin","Audit logs completi, immutable records, compliance reporting","BACK-004","Backend Developer","2024-03-01","audit,compliance,admin","mistervertex","feature/audit-logging","2024-01-20","2024-01-20"
"BACK-018","Ottimizzare bundle size e code splitting","Tech Debt","Da fare","Media","3","5","Frontend","Build","Performance Optimization","Bundle size potrebbe essere ottimizzato, mancanza di code splitting avanzato","Bundle size ridotto e code splitting ottimizzato","Bundle size <500KB, code splitting per routes, lazy loading","BACK-012","Frontend Developer","2024-03-10","performance,bundle,optimization","mistervertex","feature/bundle-optimization","2024-01-20","2024-01-20"
"BACK-019","Implementare sistema di notifiche real-time","Feature","Da fare","Media","4","8","Backend","Notifications","Real-time Features","Sistema di notifiche attuale è limitato, mancanza di real-time updates","Sistema di notifiche real-time completo","WebSocket/SSE implementato, notifiche real-time, user preferences","BACK-008","Backend Developer","2024-03-15","notifications,real-time,websocket","mistervertex","feature/real-time-notifications","2024-01-20","2024-01-20"
"BACK-020","Configurare environment staging completo","Tech Debt","Da fare","Media","3","5","DevOps","Environment","DevOps Automation","Environment staging non completamente configurato, testing pre-prod limitato","Environment staging completo identico a produzione","Staging env configurato, data seeding, testing automation","BACK-014","DevOps Engineer","2024-02-20","staging,environment,testing","mistervertex","feature/staging-env","2024-01-20","2024-01-20"
"BACK-021","Implementare data export/import utenti","Feature","Da fare","Bassa","3","5","Backend","Data Management","Data Portability","Mancanza di funzionalità export/import dati utenti, GDPR compliance","Sistema completo di export/import dati utenti","Export/import funzionali, GDPR compliance, data portability","BACK-017","Backend Developer","2024-03-30","gdpr,data-export,compliance","mistervertex","feature/data-portability","2024-01-20","2024-01-20"
"BACK-022","Migliorare documentazione API","Tech Debt","Da fare","Media","3","3","Documentation","API Docs","Documentation","Documentazione API incompleta, difficoltà per sviluppatori esterni","Documentazione API completa con esempi e testing","OpenAPI/Swagger docs, esempi interattivi, testing tools","BACK-004","Technical Writer","2024-02-28","documentation,api,swagger","mistervertex","feature/api-docs","2024-01-20","2024-01-20"
"BACK-023","Implementare health checks avanzati","Feature","Da fare","Media","3","3","Backend","Health","Monitoring & Observability","Health checks basici, mancanza di dependency checking","Health checks completi per tutti i servizi e dipendenze","Health endpoints completi, dependency checks, status dashboard","BACK-009","Backend Developer","2024-02-25","health-checks,monitoring,dependencies","mistervertex","feature/health-checks","2024-01-20","2024-01-20"
"BACK-024","Configurare SSL/TLS e security scanning","Tech Debt","Da fare","Alta","4","3","Security","SSL/TLS","Security & Validation","Configurazione SSL/TLS da verificare, mancanza di security scanning automatizzato","SSL/TLS ottimizzato e security scanning automatizzato","SSL/TLS A+ rating, automated security scans, vulnerability monitoring","BACK-016","Security Engineer","2024-02-15","ssl,tls,security-scanning","mistervertex","feature/ssl-security","2024-01-20","2024-01-20"
"BACK-025","Implementare analytics e tracking utenti","Feature","Da fare","Bassa","3","5","Frontend","Analytics","Business Intelligence","Mancanza di analytics dettagliati su comportamento utenti","Sistema di analytics completo per business insights","Google Analytics/Mixpanel configurato, custom events, dashboards","BACK-013","Frontend Developer","2024-03-25","analytics,tracking,business-intelligence","mistervertex","feature/analytics","2024-01-20","2024-01-20"