"ID","Requisito","Tipo","Fonte","Priorità","CriteriAccettazione","Stato","Note"
"REQ-001","Sistema di autenticazione utenti","Funzionale","Business Requirements","Alta","Login/logout, registrazione, reset password, sessioni sicure","Completato","Implementato con Supabase Auth + JWT"
"REQ-002","Dashboard utente personalizzato","Funzionale","User Stories","Alta","Visualizzazione predizioni, statistiche personali, preferenze","Completato","Dashboard responsive implementato"
"REQ-003","Generazione predizioni AI","Funzionale","Core Business","Critica","Predizioni accurate >70%, tempo risposta <2s, confidence score","Completato","Integrazione OpenAI implementata"
"REQ-004","Integrazione dati sportivi real-time","Funzionale","Core Business","Critica","Dati aggiornati ogni 5min, copertura 95% match, API reliability >99%","Completato","XBank API integrata"
"REQ-005","Sistema di notifiche","Funzionale","User Experience","Media","Email notifications, in-app alerts, preferenze personalizzabili","Completato","Sistema base implementato"
"REQ-006","Backup e export dati utente","Funzionale","GDPR Compliance","Alta","Export completo dati, backup automatici, restore funzionale","Completato","Sistema backup implementato"
"REQ-007","Dashboard amministrativo","Funzionale","Operations","Alta","Gestione utenti, monitoring sistema, analytics, audit logs","Completato","Admin dashboard implementato"
"REQ-008","Progressive Web App (PWA)","Funzionale","Mobile Strategy","Media","Installabile, offline mode, push notifications, app-like UX","In sviluppo","PWA base configurato, offline mode da completare"
"REQ-009","Sistema di rating predizioni","Funzionale","User Engagement","Media","Rating 1-5 stelle, feedback testuale, analytics accuracy","Proposto","Da implementare per migliorare algoritmi"
"REQ-010","Gestione preferenze utente","Funzionale","Personalization","Media","Sport preferiti, notifiche, tema UI, privacy settings","Completato","Sistema preferenze implementato"
"REQ-011","Performance response time <200ms","Non Funzionale","Performance","Alta","API response <200ms, page load <2s, database queries <100ms","In sviluppo","Ottimizzazioni in corso"
"REQ-012","Scalabilità fino a 10K utenti concorrenti","Non Funzionale","Scalability","Alta","Load testing passed, auto-scaling configurato, performance stabile","Proposto","Da testare con load testing"
"REQ-013","Uptime 99.9%","Non Funzionale","Reliability","Critica","Monitoring 24/7, alerting automatico, disaster recovery plan","In sviluppo","Monitoring da implementare"
"REQ-014","Sicurezza dati e privacy","Non Funzionale","Security","Critica","Encryption at rest/transit, HTTPS, input validation, audit logs","In sviluppo","Security audit in corso"
"REQ-015","Compatibilità browser moderni","Non Funzionale","Compatibility","Media","Chrome, Firefox, Safari, Edge (ultime 2 versioni), mobile browsers","Completato","Testing cross-browser effettuato"
"REQ-016","Responsive design mobile-first","Non Funzionale","User Experience","Alta","Design responsive, touch-friendly, performance mobile ottimale","Completato","Design responsive implementato"
"REQ-017","Accessibilità WCAG 2.1 AA","Non Funzionale","Compliance","Media","Screen reader support, keyboard navigation, color contrast","Proposto","Da implementare per compliance"
"REQ-018","Backup automatizzato giornaliero","Non Funzionale","Data Protection","Alta","Backup automatici, retention 30 giorni, restore testing","Completato","Sistema backup automatizzato"
"REQ-019","Logging e monitoring completo","Non Funzionale","Operations","Alta","Structured logging, error tracking, performance monitoring","In sviluppo","Sistema logging da completare"
"REQ-020","Compliance GDPR","Compliance","Legal Requirements","Critica","Privacy policy, consent management, data portability, right to deletion","In sviluppo","Compliance parziale, da completare"
"REQ-021","Multi-language support","Funzionale","International Expansion","Bassa","Supporto EN, IT, ES, FR, DE - UI e contenuti localizzati","Proposto","Per espansione internazionale"
"REQ-022","API rate limiting","Non Funzionale","Security","Alta","Rate limiting per endpoint, protezione DDoS, monitoring abuse","Proposto","Critico per sicurezza API"
"REQ-023","Real-time updates","Funzionale","User Experience","Media","Aggiornamenti real-time predizioni, live scores, notifications","Proposto","WebSocket o SSE da implementare"
"REQ-024","Social features","Funzionale","Community","Bassa","User profiles, following, leaderboards, social sharing","Proposto","Per engagement e retention"
"REQ-025","Advanced analytics dashboard","Funzionale","Business Intelligence","Media","KPI tracking, user behavior analytics, revenue metrics","Proposto","Per decision making data-driven"
"REQ-026","Mobile app nativa","Funzionale","Mobile Strategy","Media","iOS/Android app, push notifications, offline sync","Proposto","React Native per Q3 2024"
"REQ-027","Payment system integration","Funzionale","Monetization","Alta","Subscription management, payment processing, billing","Proposto","Per premium features"
"REQ-028","Content Management System","Funzionale","Content Strategy","Bassa","CMS per articoli, news, tips, SEO optimization","Proposto","Per content marketing"
"REQ-029","A/B testing framework","Non Funzionale","Optimization","Bassa","Feature flags, experiment tracking, statistical significance","Proposto","Per optimization continua"
"REQ-030","Disaster recovery plan","Non Funzionale","Business Continuity","Alta","RTO <4h, RPO <1h, backup geograficamente distribuiti","Proposto","Critico per business continuity"