"ID","Rischio","Probabilità","Impatto","Mitigazione","Owner","Stato","Note"
"RISK-001","Dipendenza critica da API esterne (XBank, OpenAI)","ALTA","CRITICO","Implementare fallback mechanisms, caching aggressivo, SLA monitoring, provider alternativi","Tech Lead","Attivo","API esterne sono single point of failure per core business"
"RISK-002","Scalabilità database con crescita utenti","MEDIA","ALTO","Connection pooling, query optimization, read replicas, monitoring performance","Database Admin","Attivo","Supabase ha limiti di scalabilità, pianificare migrazione"
"RISK-003","Security vulnerabilities da input non validati","ALTA","CRITICO","Implementare validation completa, security audit, penetration testing","Security Engineer","Attivo","Endpoint predictions esposto a injection attacks"
"RISK-004","Vendor lock-in con Supabase","MEDIA","ALTO","Documentare schema, implementare data export, valutare alternative","Tech Lead","Monitoraggio","Migrazione complessa ma possibile"
"RISK-005","Performance degradation con traffico elevato","ALTA","ALTO","Load testing, caching layer, CDN, auto-scaling","DevOps Engineer","Attivo","Architettura attuale non testata sotto carico"
"RISK-006","Data loss per backup inadeguati","BASSA","CRITICO","Backup automatizzati, testing restore, retention policy, disaster recovery","DevOps Engineer","Attivo","Backup attuali non testati per restore"
"RISK-007","Compliance GDPR e privacy regulations","MEDIA","ALTO","Privacy policy, data audit, consent management, data portability","Legal/Tech Lead","Attivo","Espansione EU richiede compliance completa"
"RISK-008","Team knowledge concentration (bus factor)","ALTA","ALTO","Documentazione completa, knowledge sharing, cross-training","Tech Lead","Attivo","Conoscenza concentrata su poche persone"
"RISK-009","Third-party service outages","MEDIA","ALTO","Service monitoring, status pages, communication plan","DevOps Engineer","Monitoraggio","Dipendenza da Vercel, Supabase, OpenAI"
"RISK-010","Mobile app store approval delays","MEDIA","MEDIO","Early submission, compliance review, alternative distribution","Mobile Lead","Pianificato","App store policies possono cambiare"
"RISK-011","AI model accuracy degradation","MEDIA","ALTO","Model monitoring, A/B testing, feedback loops, model retraining","AI Engineer","Pianificato","Accuracy è core value proposition"
"RISK-012","Competitive pressure da big players","ALTA","ALTO","Unique value proposition, rapid iteration, community building","Product Manager","Attivo","Mercato betting molto competitivo"
"RISK-013","Regulatory changes nel betting/gambling","MEDIA","CRITICO","Legal monitoring, compliance framework, geographic restrictions","Legal Counsel","Monitoraggio","Regulations variano per paese"
"RISK-014","Technical debt accumulation","ALTA","MEDIO","Code review process, refactoring sprints, quality metrics","Tech Lead","Attivo","Pressione time-to-market vs qualità"
"RISK-015","Key personnel departure","MEDIA","ALTO","Documentation, knowledge transfer, retention strategies","HR/Tech Lead","Monitoraggio","Mercato tech competitivo per talenti"
"RISK-016","Budget overrun per infrastructure costs","MEDIA","MEDIO","Cost monitoring, usage optimization, budget alerts","Finance/DevOps","Monitoraggio","Costi cloud possono crescere rapidamente"
"RISK-017","User data breach","BASSA","CRITICO","Security audit, encryption, access controls, incident response plan","Security Engineer","Attivo","Reputational damage sarebbe devastante"
"RISK-018","API rate limiting da providers esterni","ALTA","MEDIO","Rate limit monitoring, request optimization, caching","Backend Developer","Attivo","OpenAI e XBank hanno rate limits"
"RISK-019","Browser compatibility issues","BASSA","MEDIO","Cross-browser testing, progressive enhancement, polyfills","Frontend Developer","Monitoraggio","PWA features non supportate ovunque"
"RISK-020","Intellectual property disputes","BASSA","ALTO","IP audit, clean room development, legal review","Legal Counsel","Monitoraggio","Algoritmi AI potrebbero violare brevetti"
"RISK-021","Database corruption o data inconsistency","BASSA","CRITICO","Data validation, integrity checks, transaction management","Database Admin","Attivo","PostgreSQL è robusto ma errori applicativi possibili"
"RISK-022","DDoS attacks su infrastructure","MEDIA","ALTO","DDoS protection, rate limiting, traffic monitoring","Security Engineer","Pianificato","Vercel ha protezioni base"
"RISK-023","Open source dependency vulnerabilities","ALTA","MEDIO","Dependency scanning, regular updates, security patches","DevOps Engineer","Attivo","npm packages hanno vulnerabilità frequenti"
"RISK-024","User adoption slower than projected","MEDIA","ALTO","User research, MVP validation, marketing optimization","Product Manager","Attivo","Market fit non ancora provato"
"RISK-025","Real-time features causing performance issues","MEDIA","MEDIO","Performance testing, connection management, graceful degradation","Backend Developer","Pianificato","WebSocket connections possono essere costose"