"Epica","Obiettivo","OutcomeMisurabili","Milestone","Scadenza","Dipendenze","Rischio","Note"
"Technical Debt Resolution","Risolvere debiti tecnici critici per stabilità e manutenibilità","Error rate <1%, Build time <2min, Code coverage >80%","M1.1: Error handling centralizzato","2024-02-15","Team Backend disponibile","MEDIO - Refactoring potrebbe introdurre nuovi bug","Priorità assoluta per stabilità produzione"
"Technical Debt Resolution","Risolvere debiti tecnici critici per stabilità e manutenibilità","Error rate <1%, Build time <2min, Code coverage >80%","M1.2: Logging strutturato implementato","2024-02-20","M1.1 completato","BASSO - Tecnologia consolidata","Fondamentale per debugging e monitoring"
"Technical Debt Resolution","Risolvere debiti tecnici critici per stabilità e manutenibilità","Error rate <1%, Build time <2min, Code coverage >80%","M1.3: Test suite completa (>80% coverage)","2024-03-15","M1.1 e M1.2 completati","ALTO - Richiede tempo significativo","Investimento necessario per qualità a lungo termine"
"Performance Optimization","Migliorare performance e scalabilità del sistema","API response <200ms, Core Web Vitals green, Database queries <100ms","M2.1: Database optimization e indexing","2024-03-01","Technical Debt Resolution avviato","MEDIO - Potrebbe richiedere schema changes","Performance critica per crescita utenti"
"Performance Optimization","Migliorare performance e scalabilità del sistema","API response <200ms, Core Web Vitals green, Database queries <100ms","M2.2: Redis cache layer implementato","2024-03-10","M2.1 completato","MEDIO - Nuova infrastruttura da gestire","Ridurrà carico su database e API esterne"
"Performance Optimization","Migliorare performance e scalabilità del sistema","API response <200ms, Core Web Vitals green, Database queries <100ms","M2.3: Frontend optimization (Core Web Vitals)","2024-03-20","M2.2 completato","BASSO - Ottimizzazioni incrementali","Impatto diretto su SEO e UX"
"AI Predictions Engine","Potenziare il motore di predizioni AI per accuratezza e features","Prediction accuracy >75%, User engagement +40%, API response <500ms","M3.1: Advanced ML models integration","2024-04-15","Performance Optimization completato","ALTO - Dipendenza da API esterne","Core business differentiator"
"AI Predictions Engine","Potenziare il motore di predizioni AI per accuratezza e features","Prediction accuracy >75%, User engagement +40%, API response <500ms","M3.2: Real-time predictions e notifications","2024-05-01","M3.1 completato","MEDIO - Complessità real-time","Aumenterà engagement utenti"
"AI Predictions Engine","Potenziare il motore di predizioni AI per accuratezza e features","Prediction accuracy >75%, User engagement +40%, API response <500ms","M3.3: Personalized prediction algorithms","2024-05-30","M3.2 completato","ALTO - Algoritmi complessi","Personalizzazione chiave per retention"
"Mobile App Companion","Sviluppare app mobile nativa per iOS e Android","App store rating >4.5, Mobile MAU +200%, Cross-platform sync 100%","M4.1: React Native setup e core features","2024-06-15","AI Predictions Engine avviato","ALTO - Nuovo stack tecnologico","Espansione importante del mercato"
"Mobile App Companion","Sviluppare app mobile nativa per iOS e Android","App store rating >4.5, Mobile MAU +200%, Cross-platform sync 100%","M4.2: Push notifications e offline mode","2024-07-15","M4.1 completato","MEDIO - Sincronizzazione complessa","Features essenziali per mobile UX"
"Mobile App Companion","Sviluppare app mobile nativa per iOS e Android","App store rating >4.5, Mobile MAU +200%, Cross-platform sync 100%","M4.3: App store deployment e marketing","2024-08-30","M4.2 completato","ALTO - Approval process app stores","Go-to-market mobile strategy"
"Advanced Analytics & Insights","Implementare analytics avanzati per business intelligence","Data-driven decisions +60%, User insights dashboard, Revenue optimization +25%","M5.1: User behavior tracking e analytics","2024-07-01","Mobile App avviato","BASSO - Tecnologie consolidate","Fondamentale per business intelligence"
"Advanced Analytics & Insights","Implementare analytics avanzati per business intelligence","Data-driven decisions +60%, User insights dashboard, Revenue optimization +25%","M5.2: Business intelligence dashboard","2024-08-15","M5.1 completato","MEDIO - Complessità visualizzazioni","Tool per decision making strategico"
"Advanced Analytics & Insights","Implementare analytics avanzati per business intelligence","Data-driven decisions +60%, User insights dashboard, Revenue optimization +25%","M5.3: Predictive analytics per business","2024-09-30","M5.2 completato","ALTO - Modelli predittivi complessi","Vantaggio competitivo significativo"
"Community Features","Sviluppare features social e community per engagement","Community engagement +150%, User retention +30%, Social sharing +100%","M6.1: User profiles e social features","2024-09-15","Advanced Analytics avviato","MEDIO - Moderazione contenuti","Aumenterà retention e viral growth"
"Community Features","Sviluppare features social e community per engagement","Community engagement +150%, User retention +30%, Social sharing +100%","M6.2: Leaderboards e gamification","2024-10-30","M6.1 completato","BASSO - Features standard","Gamification per engagement"
"Community Features","Sviluppare features social e community per engagement","Community engagement +150%, User retention +30%, Social sharing +100%","M6.3: Community marketplace e tipster","2024-12-15","M6.2 completato","ALTO - Complessità transazioni","Nuovo revenue stream"
"Trading Suite Advanced","Implementare suite avanzata per trading e portfolio management","Trading volume +300%, Premium subscriptions +50%, Portfolio ROI tracking","M7.1: Portfolio management tools","2024-11-01","Community Features avviato","MEDIO - Integrazioni finanziarie","Premium feature per monetizzazione"
"Trading Suite Advanced","Implementare suite avanzata per trading e portfolio management","Trading volume +300%, Premium subscriptions +50%, Portfolio ROI tracking","M7.2: Advanced trading algorithms","2024-12-30","M7.1 completato","ALTO - Algoritmi finanziari complessi","Differenziatore premium"
"Trading Suite Advanced","Implementare suite avanzata per trading e portfolio management","Trading volume +300%, Premium subscriptions +50%, Portfolio ROI tracking","M7.3: Risk management e compliance","2025-02-15","M7.2 completato","CRITICO - Compliance finanziaria","Requisito legale per trading"
"International Expansion","Espandere il servizio a mercati internazionali","International users +500%, Multi-language support, Local partnerships","M8.1: Multi-language support (i18n)","2024-10-15","Community Features avviato","MEDIO - Localizzazione complessa","Accesso a mercati globali"
"International Expansion","Espandere il servizio a mercati internazionali","International users +500%, Multi-language support, Local partnerships","M8.2: Local sports data integration","2025-01-30","M8.1 completato","ALTO - Partnership con data providers","Contenuto locale per engagement"
"International Expansion","Espandere il servizio a mercati internazionali","International users +500%, Multi-language support, Local partnerships","M8.3: Regional compliance e partnerships","2025-03-30","M8.2 completato","CRITICO - Compliance legale locale","Requisito per operare legalmente"